Year,m,d,Time,Time zone,Direct solar radiation (W/m2)
2021,7,1,00:00,UTC,-1.1
2021,7,1,00:01,UTC,-0.9
2021,7,1,00:02,UTC,-0.9
2021,7,1,00:03,UTC,-0.9
2021,7,1,00:04,UTC,-0.7
2021,7,1,00:05,UTC,-0.5
2021,7,1,00:06,UTC,-0.6
2021,7,1,00:07,UTC,-0.8
2021,7,1,00:08,UTC,-0.6
2021,7,1,00:09,UTC,-0.4
2021,7,1,00:10,UTC,-0.7
2021,7,1,00:11,UTC,-1
2021,7,1,00:12,UTC,-1.1
2021,7,1,00:13,UTC,-1
2021,7,1,00:14,UTC,-1.1
2021,7,1,00:15,UTC,-1.3
2021,7,1,00:16,UTC,-1.1
2021,7,1,00:17,UTC,-1.2
2021,7,1,00:18,UTC,-1.4
2021,7,1,00:19,UTC,-1.6
2021,7,1,00:20,UTC,-1.7
2021,7,1,00:21,UTC,-1.9
2021,7,1,00:22,UTC,-2.1
2021,7,1,00:23,UTC,-2
2021,7,1,00:24,UTC,-2.1
2021,7,1,00:25,UTC,-1.9
2021,7,1,00:26,UTC,-1.8
2021,7,1,00:27,UTC,-1.7
2021,7,1,00:28,UTC,-1.6
2021,7,1,00:29,UTC,-1.3
2021,7,1,00:30,UTC,-1.9
2021,7,1,00:31,UTC,-2
2021,7,1,00:32,UTC,-1.6
2021,7,1,00:33,UTC,-2.2
2021,7,1,00:34,UTC,-2.3
2021,7,1,00:35,UTC,-2.1
2021,7,1,00:36,UTC,-1.6
2021,7,1,00:37,UTC,-1.8
2021,7,1,00:38,UTC,-2.1
2021,7,1,00:39,UTC,-1.9
2021,7,1,00:40,UTC,-1.7
2021,7,1,00:41,UTC,-1.4
2021,7,1,00:42,UTC,-1.2
2021,7,1,00:43,UTC,-1.4
2021,7,1,00:44,UTC,-1.2
2021,7,1,00:45,UTC,-1
2021,7,1,00:46,UTC,-0.9
2021,7,1,00:47,UTC,-1
2021,7,1,00:48,UTC,-0.9
2021,7,1,00:49,UTC,-0.7
2021,7,1,00:50,UTC,-0.8
2021,7,1,00:51,UTC,-0.5
2021,7,1,00:52,UTC,-0.4
2021,7,1,00:53,UTC,-0.1
2021,7,1,00:54,UTC,0.4
2021,7,1,00:55,UTC,0.6
2021,7,1,00:56,UTC,0.3
2021,7,1,00:57,UTC,0
2021,7,1,00:58,UTC,0.2
2021,7,1,00:59,UTC,0.3
2021,7,1,01:00,UTC,0.2
2021,7,1,01:01,UTC,0.4
2021,7,1,01:02,UTC,0.6
2021,7,1,01:03,UTC,0.2
2021,7,1,01:04,UTC,0.1
2021,7,1,01:05,UTC,0.5
2021,7,1,01:06,UTC,0.2
2021,7,1,01:07,UTC,0.1
2021,7,1,01:08,UTC,0.1
2021,7,1,01:09,UTC,0.1
2021,7,1,01:10,UTC,0
2021,7,1,01:11,UTC,0
2021,7,1,01:12,UTC,0
2021,7,1,01:13,UTC,0
2021,7,1,01:14,UTC,0.1
2021,7,1,01:15,UTC,-0.1
2021,7,1,01:16,UTC,-0.1
2021,7,1,01:17,UTC,0
2021,7,1,01:18,UTC,0.1
2021,7,1,01:19,UTC,-0.1
2021,7,1,01:20,UTC,-0.3
2021,7,1,01:21,UTC,-0.3
2021,7,1,01:22,UTC,-0.7
2021,7,1,01:23,UTC,-0.4
2021,7,1,01:24,UTC,-0.3
2021,7,1,01:25,UTC,-0.3
2021,7,1,01:26,UTC,-0.5
2021,7,1,01:27,UTC,-0.2
2021,7,1,01:28,UTC,-0.3
2021,7,1,01:29,UTC,-0.4
2021,7,1,01:30,UTC,-0.4
2021,7,1,01:31,UTC,-0.6
2021,7,1,01:32,UTC,-0.4
2021,7,1,01:33,UTC,-0.3
2021,7,1,01:34,UTC,-0.3
2021,7,1,01:35,UTC,-0.5
2021,7,1,01:36,UTC,-0.6
2021,7,1,01:37,UTC,-0.5
2021,7,1,01:38,UTC,-0.4
2021,7,1,01:39,UTC,-0.2
2021,7,1,01:40,UTC,-0.2
2021,7,1,01:41,UTC,0
2021,7,1,01:42,UTC,0
2021,7,1,01:43,UTC,0.1
2021,7,1,01:44,UTC,0.4
2021,7,1,01:45,UTC,0.6
2021,7,1,01:46,UTC,0.7
2021,7,1,01:47,UTC,0.6
2021,7,1,01:48,UTC,0.9
2021,7,1,01:49,UTC,1.2
2021,7,1,01:50,UTC,1.1
2021,7,1,01:51,UTC,1.2
2021,7,1,01:52,UTC,2.4
2021,7,1,01:53,UTC,4.9
2021,7,1,01:54,UTC,6.6
2021,7,1,01:55,UTC,4.6
2021,7,1,01:56,UTC,3.1
2021,7,1,01:57,UTC,3.3
2021,7,1,01:58,UTC,5.1
2021,7,1,01:59,UTC,6.3
2021,7,1,02:00,UTC,6.2
2021,7,1,02:01,UTC,4.4
2021,7,1,02:02,UTC,3.8
2021,7,1,02:03,UTC,3
2021,7,1,02:04,UTC,3
2021,7,1,02:05,UTC,4.1
2021,7,1,02:06,UTC,2.8
2021,7,1,02:07,UTC,2.7
2021,7,1,02:08,UTC,3.3
2021,7,1,02:09,UTC,2.5
2021,7,1,02:10,UTC,2.4
2021,7,1,02:11,UTC,2.5
2021,7,1,02:12,UTC,3.1
2021,7,1,02:13,UTC,4.6
2021,7,1,02:14,UTC,8.3
2021,7,1,02:15,UTC,13.5
2021,7,1,02:16,UTC,11.1
2021,7,1,02:17,UTC,9.7
2021,7,1,02:18,UTC,17.4
2021,7,1,02:19,UTC,47.8
2021,7,1,02:20,UTC,77.5
2021,7,1,02:21,UTC,77.5
2021,7,1,02:22,UTC,52.8
2021,7,1,02:23,UTC,29.1
2021,7,1,02:24,UTC,17.6
2021,7,1,02:25,UTC,10
2021,7,1,02:26,UTC,13.6
2021,7,1,02:27,UTC,39.8
2021,7,1,02:28,UTC,58.5
2021,7,1,02:29,UTC,80.3
2021,7,1,02:30,UTC,142.5
2021,7,1,02:31,UTC,184.2
2021,7,1,02:32,UTC,258.8
2021,7,1,02:33,UTC,301.6
2021,7,1,02:34,UTC,306.1
2021,7,1,02:35,UTC,316.3
2021,7,1,02:36,UTC,326.2
2021,7,1,02:37,UTC,329.2
2021,7,1,02:38,UTC,331.8
2021,7,1,02:39,UTC,337.4
2021,7,1,02:40,UTC,310.4
2021,7,1,02:41,UTC,307.2
2021,7,1,02:42,UTC,350.2
2021,7,1,02:43,UTC,366.4
2021,7,1,02:44,UTC,376.7
2021,7,1,02:45,UTC,384.3
2021,7,1,02:46,UTC,392.1
2021,7,1,02:47,UTC,397.6
2021,7,1,02:48,UTC,399.2
2021,7,1,02:49,UTC,399.6
2021,7,1,02:50,UTC,403.4
2021,7,1,02:51,UTC,409.9
2021,7,1,02:52,UTC,408.1
2021,7,1,02:53,UTC,418.3
2021,7,1,02:54,UTC,422.1
2021,7,1,02:55,UTC,421.4
2021,7,1,02:56,UTC,423.1
2021,7,1,02:57,UTC,429
2021,7,1,02:58,UTC,435
2021,7,1,02:59,UTC,429.7
2021,7,1,03:00,UTC,348.6
2021,7,1,03:01,UTC,184.2
2021,7,1,03:02,UTC,71.6
2021,7,1,03:03,UTC,45.9
2021,7,1,03:04,UTC,84.4
2021,7,1,03:05,UTC,176.2
2021,7,1,03:06,UTC,66.8
2021,7,1,03:07,UTC,14.3
2021,7,1,03:08,UTC,16.1
2021,7,1,03:09,UTC,20.6
2021,7,1,03:10,UTC,33
2021,7,1,03:11,UTC,20.2
2021,7,1,03:12,UTC,11.4
2021,7,1,03:13,UTC,9.2
2021,7,1,03:14,UTC,7.6
2021,7,1,03:15,UTC,6.7
2021,7,1,03:16,UTC,12.4
2021,7,1,03:17,UTC,14.8
2021,7,1,03:18,UTC,6.3
2021,7,1,03:19,UTC,5.7
2021,7,1,03:20,UTC,5.4
2021,7,1,03:21,UTC,5.1
2021,7,1,03:22,UTC,4.8
2021,7,1,03:23,UTC,4.7
2021,7,1,03:24,UTC,4.5
2021,7,1,03:25,UTC,4
2021,7,1,03:26,UTC,3.6
2021,7,1,03:27,UTC,3.4
2021,7,1,03:28,UTC,3.1
2021,7,1,03:29,UTC,3.2
2021,7,1,03:30,UTC,3.4
2021,7,1,03:31,UTC,4
2021,7,1,03:32,UTC,4.2
2021,7,1,03:33,UTC,4.8
2021,7,1,03:34,UTC,6.7
2021,7,1,03:35,UTC,7.4
2021,7,1,03:36,UTC,5.9
2021,7,1,03:37,UTC,6.3
2021,7,1,03:38,UTC,7.9
2021,7,1,03:39,UTC,10.9
2021,7,1,03:40,UTC,12.7
2021,7,1,03:41,UTC,17
2021,7,1,03:42,UTC,50.3
2021,7,1,03:43,UTC,65.2
2021,7,1,03:44,UTC,25.9
2021,7,1,03:45,UTC,11.8
2021,7,1,03:46,UTC,11.2
2021,7,1,03:47,UTC,38.5
2021,7,1,03:48,UTC,57.4
2021,7,1,03:49,UTC,30.5
2021,7,1,03:50,UTC,34.7
2021,7,1,03:51,UTC,36.4
2021,7,1,03:52,UTC,59.5
2021,7,1,03:53,UTC,112.7
2021,7,1,03:54,UTC,188.9
2021,7,1,03:55,UTC,508.9
2021,7,1,03:56,UTC,438.6
2021,7,1,03:57,UTC,193.4
2021,7,1,03:58,UTC,145.6
2021,7,1,03:59,UTC,70.6
2021,7,1,04:00,UTC,35.5
2021,7,1,04:01,UTC,52.2
2021,7,1,04:02,UTC,61.2
2021,7,1,04:03,UTC,29.2
2021,7,1,04:04,UTC,18.5
2021,7,1,04:05,UTC,16.6
2021,7,1,04:06,UTC,17.7
2021,7,1,04:07,UTC,22.3
2021,7,1,04:08,UTC,22.4
2021,7,1,04:09,UTC,23.4
2021,7,1,04:10,UTC,31.3
2021,7,1,04:11,UTC,37.2
2021,7,1,04:12,UTC,24.5
2021,7,1,04:13,UTC,28.8
2021,7,1,04:14,UTC,26.9
2021,7,1,04:15,UTC,24.5
2021,7,1,04:16,UTC,24.3
2021,7,1,04:17,UTC,33.2
2021,7,1,04:18,UTC,43.3
2021,7,1,04:19,UTC,68.3
2021,7,1,04:20,UTC,118.2
2021,7,1,04:21,UTC,376
2021,7,1,04:22,UTC,552
2021,7,1,04:23,UTC,586.3
2021,7,1,04:24,UTC,359.1
2021,7,1,04:25,UTC,92.3
2021,7,1,04:26,UTC,118.8
2021,7,1,04:27,UTC,212.1
2021,7,1,04:28,UTC,197.5
2021,7,1,04:29,UTC,482.2
2021,7,1,04:30,UTC,638.3
2021,7,1,04:31,UTC,646.2
2021,7,1,04:32,UTC,646.5
2021,7,1,04:33,UTC,644.7
2021,7,1,04:34,UTC,646.3
2021,7,1,04:35,UTC,647.9
2021,7,1,04:36,UTC,647.8
2021,7,1,04:37,UTC,647.1
2021,7,1,04:38,UTC,646.4
2021,7,1,04:39,UTC,646.8
2021,7,1,04:40,UTC,644.7
2021,7,1,04:41,UTC,644
2021,7,1,04:42,UTC,642.8
2021,7,1,04:43,UTC,645.9
2021,7,1,04:44,UTC,650.5
2021,7,1,04:45,UTC,655.8
2021,7,1,04:46,UTC,661.6
2021,7,1,04:47,UTC,666
2021,7,1,04:48,UTC,669.1
2021,7,1,04:49,UTC,671.7
2021,7,1,04:50,UTC,674.6
2021,7,1,04:51,UTC,676.2
2021,7,1,04:52,UTC,677
2021,7,1,04:53,UTC,676.6
2021,7,1,04:54,UTC,677.9
2021,7,1,04:55,UTC,679.8
2021,7,1,04:56,UTC,680.8
2021,7,1,04:57,UTC,680.2
2021,7,1,04:58,UTC,681.5
2021,7,1,04:59,UTC,683
2021,7,1,05:00,UTC,683.7
2021,7,1,05:01,UTC,682.7
2021,7,1,05:02,UTC,685.5
2021,7,1,05:03,UTC,689.7
2021,7,1,05:04,UTC,693.3
2021,7,1,05:05,UTC,697.4
2021,7,1,05:06,UTC,699.9
2021,7,1,05:07,UTC,703.2
2021,7,1,05:08,UTC,706.5
2021,7,1,05:09,UTC,708.2
2021,7,1,05:10,UTC,710
2021,7,1,05:11,UTC,712.2
2021,7,1,05:12,UTC,712.2
2021,7,1,05:13,UTC,712.4
2021,7,1,05:14,UTC,712.9
2021,7,1,05:15,UTC,715.3
2021,7,1,05:16,UTC,716.3
2021,7,1,05:17,UTC,719.3
2021,7,1,05:18,UTC,722
2021,7,1,05:19,UTC,721.9
2021,7,1,05:20,UTC,722.3
2021,7,1,05:21,UTC,723.1
2021,7,1,05:22,UTC,723.8
2021,7,1,05:23,UTC,723.6
2021,7,1,05:24,UTC,725
2021,7,1,05:25,UTC,727.3
2021,7,1,05:26,UTC,730.4
2021,7,1,05:27,UTC,732.7
2021,7,1,05:28,UTC,734.8
2021,7,1,05:29,UTC,734.8
2021,7,1,05:30,UTC,737.4
2021,7,1,05:31,UTC,740.1
2021,7,1,05:32,UTC,740.8
2021,7,1,05:33,UTC,741.5
2021,7,1,05:34,UTC,742.6
2021,7,1,05:35,UTC,743
2021,7,1,05:36,UTC,745.1
2021,7,1,05:37,UTC,745.4
2021,7,1,05:38,UTC,745.1
2021,7,1,05:39,UTC,746.2
2021,7,1,05:40,UTC,748.4
2021,7,1,05:41,UTC,749.4
2021,7,1,05:42,UTC,751.2
2021,7,1,05:43,UTC,752.1
2021,7,1,05:44,UTC,753.1
2021,7,1,05:45,UTC,752.8
2021,7,1,05:46,UTC,754.2
2021,7,1,05:47,UTC,754.6
2021,7,1,05:48,UTC,755.4
2021,7,1,05:49,UTC,758.3
2021,7,1,05:50,UTC,758.7
2021,7,1,05:51,UTC,757.9
2021,7,1,05:52,UTC,758
2021,7,1,05:53,UTC,758.9
2021,7,1,05:54,UTC,759
2021,7,1,05:55,UTC,759.4
2021,7,1,05:56,UTC,759.9
2021,7,1,05:57,UTC,761.5
2021,7,1,05:58,UTC,761.6
2021,7,1,05:59,UTC,760.6
2021,7,1,06:00,UTC,761
2021,7,1,06:01,UTC,762.8
2021,7,1,06:02,UTC,763.8
2021,7,1,06:03,UTC,765.1
2021,7,1,06:04,UTC,767.2
2021,7,1,06:05,UTC,769.9
2021,7,1,06:06,UTC,773.4
2021,7,1,06:07,UTC,775
2021,7,1,06:08,UTC,775.7
2021,7,1,06:09,UTC,775.7
2021,7,1,06:10,UTC,777.9
2021,7,1,06:11,UTC,781
2021,7,1,06:12,UTC,781.9
2021,7,1,06:13,UTC,782.2
2021,7,1,06:14,UTC,783.9
2021,7,1,06:15,UTC,785.7
2021,7,1,06:16,UTC,785.1
2021,7,1,06:17,UTC,785.5
2021,7,1,06:18,UTC,786.9
2021,7,1,06:19,UTC,789.7
2021,7,1,06:20,UTC,790.3
2021,7,1,06:21,UTC,789.4
2021,7,1,06:22,UTC,792
2021,7,1,06:23,UTC,793.2
2021,7,1,06:24,UTC,794.1
2021,7,1,06:25,UTC,795.1
2021,7,1,06:26,UTC,795.8
2021,7,1,06:27,UTC,796.9
2021,7,1,06:28,UTC,796.7
2021,7,1,06:29,UTC,796.8
2021,7,1,06:30,UTC,798.4
2021,7,1,06:31,UTC,799.4
2021,7,1,06:32,UTC,801.2
2021,7,1,06:33,UTC,801.6
2021,7,1,06:34,UTC,800.9
2021,7,1,06:35,UTC,800.6
2021,7,1,06:36,UTC,802.5
2021,7,1,06:37,UTC,803.1
2021,7,1,06:38,UTC,803.7
2021,7,1,06:39,UTC,802.8
2021,7,1,06:40,UTC,803.9
2021,7,1,06:41,UTC,804.9
2021,7,1,06:42,UTC,804.2
2021,7,1,06:43,UTC,804.1
2021,7,1,06:44,UTC,805.7
2021,7,1,06:45,UTC,804.3
2021,7,1,06:46,UTC,803.5
2021,7,1,06:47,UTC,805.6
2021,7,1,06:48,UTC,807
2021,7,1,06:49,UTC,807.1
2021,7,1,06:50,UTC,808.4
2021,7,1,06:51,UTC,810.1
2021,7,1,06:52,UTC,811
2021,7,1,06:53,UTC,809.9
2021,7,1,06:54,UTC,808.6
2021,7,1,06:55,UTC,809.2
2021,7,1,06:56,UTC,809.5
2021,7,1,06:57,UTC,811.9
2021,7,1,06:58,UTC,811.2
2021,7,1,06:59,UTC,809.3
2021,7,1,07:00,UTC,811.4
2021,7,1,07:01,UTC,812
2021,7,1,07:02,UTC,814.6
2021,7,1,07:03,UTC,817.9
2021,7,1,07:04,UTC,820.9
2021,7,1,07:05,UTC,820.6
2021,7,1,07:06,UTC,820.8
2021,7,1,07:07,UTC,820.2
2021,7,1,07:08,UTC,820.4
2021,7,1,07:09,UTC,821
2021,7,1,07:10,UTC,820.7
2021,7,1,07:11,UTC,821.4
2021,7,1,07:12,UTC,823.5
2021,7,1,07:13,UTC,824.3
2021,7,1,07:14,UTC,823
2021,7,1,07:15,UTC,822.4
2021,7,1,07:16,UTC,824.5
2021,7,1,07:17,UTC,824.7
2021,7,1,07:18,UTC,823.9
2021,7,1,07:19,UTC,825.8
2021,7,1,07:20,UTC,828.5
2021,7,1,07:21,UTC,828.4
2021,7,1,07:22,UTC,827.2
2021,7,1,07:23,UTC,825.5
2021,7,1,07:24,UTC,824.2
2021,7,1,07:25,UTC,825
2021,7,1,07:26,UTC,825.9
2021,7,1,07:27,UTC,825.9
2021,7,1,07:28,UTC,827
2021,7,1,07:29,UTC,827.7
2021,7,1,07:30,UTC,828
2021,7,1,07:31,UTC,828
2021,7,1,07:32,UTC,826.9
2021,7,1,07:33,UTC,827.5
2021,7,1,07:34,UTC,829.2
2021,7,1,07:35,UTC,828
2021,7,1,07:36,UTC,827.2
2021,7,1,07:37,UTC,828.6
2021,7,1,07:38,UTC,830.3
2021,7,1,07:39,UTC,829.2
2021,7,1,07:40,UTC,827.5
2021,7,1,07:41,UTC,830.9
2021,7,1,07:42,UTC,832.6
2021,7,1,07:43,UTC,836.9
2021,7,1,07:44,UTC,837.5
2021,7,1,07:45,UTC,836
2021,7,1,07:46,UTC,835.6
2021,7,1,07:47,UTC,838.1
2021,7,1,07:48,UTC,840
2021,7,1,07:49,UTC,840.2
2021,7,1,07:50,UTC,839.6
2021,7,1,07:51,UTC,840.5
2021,7,1,07:52,UTC,839.9
2021,7,1,07:53,UTC,840.5
2021,7,1,07:54,UTC,842.1
2021,7,1,07:55,UTC,843.2
2021,7,1,07:56,UTC,844.7
2021,7,1,07:57,UTC,845.6
2021,7,1,07:58,UTC,845.7
2021,7,1,07:59,UTC,846.4
2021,7,1,08:00,UTC,846.3
2021,7,1,08:01,UTC,844.8
2021,7,1,08:02,UTC,845.2
2021,7,1,08:03,UTC,845.9
2021,7,1,08:04,UTC,845.5
2021,7,1,08:05,UTC,846.1
2021,7,1,08:06,UTC,848.2
2021,7,1,08:07,UTC,848.9
2021,7,1,08:08,UTC,847.4
2021,7,1,08:09,UTC,847.9
2021,7,1,08:10,UTC,848.7
2021,7,1,08:11,UTC,849.4
2021,7,1,08:12,UTC,852.2
2021,7,1,08:13,UTC,852.9
2021,7,1,08:14,UTC,854.4
2021,7,1,08:15,UTC,853.7
2021,7,1,08:16,UTC,852.7
2021,7,1,08:17,UTC,850.9
2021,7,1,08:18,UTC,852.3
2021,7,1,08:19,UTC,851.5
2021,7,1,08:20,UTC,850.6
2021,7,1,08:21,UTC,852.2
2021,7,1,08:22,UTC,854
2021,7,1,08:23,UTC,855.8
2021,7,1,08:24,UTC,853.6
2021,7,1,08:25,UTC,853.4
2021,7,1,08:26,UTC,857.1
2021,7,1,08:27,UTC,857.7
2021,7,1,08:28,UTC,856.2
2021,7,1,08:29,UTC,852.9
2021,7,1,08:30,UTC,853.2
2021,7,1,08:31,UTC,856.4
2021,7,1,08:32,UTC,858.8
2021,7,1,08:33,UTC,856.5
2021,7,1,08:34,UTC,855.8
2021,7,1,08:35,UTC,856.3
2021,7,1,08:36,UTC,856.3
2021,7,1,08:37,UTC,855.8
2021,7,1,08:38,UTC,854.2
2021,7,1,08:39,UTC,850.4
2021,7,1,08:40,UTC,850.1
2021,7,1,08:41,UTC,854.4
2021,7,1,08:42,UTC,854.8
2021,7,1,08:43,UTC,855.4
2021,7,1,08:44,UTC,854.8
2021,7,1,08:45,UTC,857.1
2021,7,1,08:46,UTC,857.2
2021,7,1,08:47,UTC,857.5
2021,7,1,08:48,UTC,857.3
2021,7,1,08:49,UTC,857.2
2021,7,1,08:50,UTC,859.2
2021,7,1,08:51,UTC,859.1
2021,7,1,08:52,UTC,858.5
2021,7,1,08:53,UTC,859.7
2021,7,1,08:54,UTC,858.9
2021,7,1,08:55,UTC,855.7
2021,7,1,08:56,UTC,859.6
2021,7,1,08:57,UTC,861.5
2021,7,1,08:58,UTC,860
2021,7,1,08:59,UTC,859.4
2021,7,1,09:00,UTC,861.5
2021,7,1,09:01,UTC,861
2021,7,1,09:02,UTC,863
2021,7,1,09:03,UTC,861
2021,7,1,09:04,UTC,861.5
2021,7,1,09:05,UTC,861.2
2021,7,1,09:06,UTC,861.7
2021,7,1,09:07,UTC,865
2021,7,1,09:08,UTC,866.2
2021,7,1,09:09,UTC,867.9
2021,7,1,09:10,UTC,868.2
2021,7,1,09:11,UTC,867.4
2021,7,1,09:12,UTC,864.4
2021,7,1,09:13,UTC,864.7
2021,7,1,09:14,UTC,863.4
2021,7,1,09:15,UTC,865.3
2021,7,1,09:16,UTC,867.5
2021,7,1,09:17,UTC,867.6
2021,7,1,09:18,UTC,865.1
2021,7,1,09:19,UTC,864.8
2021,7,1,09:20,UTC,863.1
2021,7,1,09:21,UTC,853.5
2021,7,1,09:22,UTC,860.9
2021,7,1,09:23,UTC,871.7
2021,7,1,09:24,UTC,870
2021,7,1,09:25,UTC,868.8
2021,7,1,09:26,UTC,867.9
2021,7,1,09:27,UTC,865.9
2021,7,1,09:28,UTC,865.2
2021,7,1,09:29,UTC,870.9
2021,7,1,09:30,UTC,870.8
2021,7,1,09:31,UTC,868.3
2021,7,1,09:32,UTC,866.2
2021,7,1,09:33,UTC,865.8
2021,7,1,09:34,UTC,870.5
2021,7,1,09:35,UTC,873.6
2021,7,1,09:36,UTC,873.2
2021,7,1,09:37,UTC,871.6
2021,7,1,09:38,UTC,870.8
2021,7,1,09:39,UTC,873.5
2021,7,1,09:40,UTC,871
2021,7,1,09:41,UTC,871
2021,7,1,09:42,UTC,870.4
2021,7,1,09:43,UTC,867
2021,7,1,09:44,UTC,861.9
2021,7,1,09:45,UTC,862
2021,7,1,09:46,UTC,865.6
2021,7,1,09:47,UTC,867.2
2021,7,1,09:48,UTC,864.4
2021,7,1,09:49,UTC,862.7
2021,7,1,09:50,UTC,865.1
2021,7,1,09:51,UTC,858.6
2021,7,1,09:52,UTC,865.2
2021,7,1,09:53,UTC,867.6
2021,7,1,09:54,UTC,812.3
2021,7,1,09:55,UTC,859.9
2021,7,1,09:56,UTC,841.2
2021,7,1,09:57,UTC,786.9
2021,7,1,09:58,UTC,862.4
2021,7,1,09:59,UTC,747.4
2021,7,1,10:00,UTC,47.4
2021,7,1,10:01,UTC,214.9
2021,7,1,10:02,UTC,109
2021,7,1,10:03,UTC,18.8
2021,7,1,10:04,UTC,662.6
2021,7,1,10:05,UTC,861.1
2021,7,1,10:06,UTC,857.8
2021,7,1,10:07,UTC,856.9
2021,7,1,10:08,UTC,857.8
2021,7,1,10:09,UTC,860.2
2021,7,1,10:10,UTC,862.9
2021,7,1,10:11,UTC,865.4
2021,7,1,10:12,UTC,866
2021,7,1,10:13,UTC,863
2021,7,1,10:14,UTC,855.9
2021,7,1,10:15,UTC,272.2
2021,7,1,10:16,UTC,651.2
2021,7,1,10:17,UTC,636
2021,7,1,10:18,UTC,599.8
2021,7,1,10:19,UTC,527.3
2021,7,1,10:20,UTC,801.9
2021,7,1,10:21,UTC,656.5
2021,7,1,10:22,UTC,793.1
2021,7,1,10:23,UTC,471.8
2021,7,1,10:24,UTC,670.3
2021,7,1,10:25,UTC,869
2021,7,1,10:26,UTC,864.4
2021,7,1,10:27,UTC,634.8
2021,7,1,10:28,UTC,8.4
2021,7,1,10:29,UTC,6.1
2021,7,1,10:30,UTC,225.4
2021,7,1,10:31,UTC,866.2
2021,7,1,10:32,UTC,862.3
2021,7,1,10:33,UTC,441.8
2021,7,1,10:34,UTC,715.1
2021,7,1,10:35,UTC,827.2
2021,7,1,10:36,UTC,868.3
2021,7,1,10:37,UTC,871.1
2021,7,1,10:38,UTC,871.6
2021,7,1,10:39,UTC,865.9
2021,7,1,10:40,UTC,870.2
2021,7,1,10:41,UTC,866.5
2021,7,1,10:42,UTC,874.1
2021,7,1,10:43,UTC,870.1
2021,7,1,10:44,UTC,667.4
2021,7,1,10:45,UTC,81
2021,7,1,10:46,UTC,195.8
2021,7,1,10:47,UTC,713.2
2021,7,1,10:48,UTC,868.9
2021,7,1,10:49,UTC,866.9
2021,7,1,10:50,UTC,867.2
2021,7,1,10:51,UTC,869.3
2021,7,1,10:52,UTC,870.3
2021,7,1,10:53,UTC,870.8
2021,7,1,10:54,UTC,869.9
2021,7,1,10:55,UTC,868.5
2021,7,1,10:56,UTC,867.4
2021,7,1,10:57,UTC,870.4
2021,7,1,10:58,UTC,872
2021,7,1,10:59,UTC,871.6
2021,7,1,11:00,UTC,869.5
2021,7,1,11:01,UTC,869
2021,7,1,11:02,UTC,868.6
2021,7,1,11:03,UTC,867
2021,7,1,11:04,UTC,867.2
2021,7,1,11:05,UTC,869.7
2021,7,1,11:06,UTC,871.6
2021,7,1,11:07,UTC,873.1
2021,7,1,11:08,UTC,872.6
2021,7,1,11:09,UTC,874.4
2021,7,1,11:10,UTC,875.1
2021,7,1,11:11,UTC,874.8
2021,7,1,11:12,UTC,872.2
2021,7,1,11:13,UTC,871
2021,7,1,11:14,UTC,870.8
2021,7,1,11:15,UTC,871.3
2021,7,1,11:16,UTC,865.7
2021,7,1,11:17,UTC,516.5
2021,7,1,11:18,UTC,152.7
2021,7,1,11:19,UTC,660.4
2021,7,1,11:20,UTC,870.6
2021,7,1,11:21,UTC,867.3
2021,7,1,11:22,UTC,861.4
2021,7,1,11:23,UTC,436.5
2021,7,1,11:24,UTC,72.4
2021,7,1,11:25,UTC,12.8
2021,7,1,11:26,UTC,8.9
2021,7,1,11:27,UTC,6
2021,7,1,11:28,UTC,3.6
2021,7,1,11:29,UTC,2.5
2021,7,1,11:30,UTC,94.9
2021,7,1,11:31,UTC,843.3
2021,7,1,11:32,UTC,854.2
2021,7,1,11:33,UTC,851.5
2021,7,1,11:34,UTC,586.3
2021,7,1,11:35,UTC,100
2021,7,1,11:36,UTC,762
2021,7,1,11:37,UTC,856.5
2021,7,1,11:38,UTC,855.5
2021,7,1,11:39,UTC,854.9
2021,7,1,11:40,UTC,856.8
2021,7,1,11:41,UTC,857.5
2021,7,1,11:42,UTC,860
2021,7,1,11:43,UTC,862.2
2021,7,1,11:44,UTC,863.8
2021,7,1,11:45,UTC,863
2021,7,1,11:46,UTC,864.5
2021,7,1,11:47,UTC,865.2
2021,7,1,11:48,UTC,865.5
2021,7,1,11:49,UTC,867
2021,7,1,11:50,UTC,864.6
2021,7,1,11:51,UTC,863.3
2021,7,1,11:52,UTC,861.4
2021,7,1,11:53,UTC,860.3
2021,7,1,11:54,UTC,859.4
2021,7,1,11:55,UTC,849.4
2021,7,1,11:56,UTC,723.2
2021,7,1,11:57,UTC,390.7
2021,7,1,11:58,UTC,582.6
2021,7,1,11:59,UTC,856.8
2021,7,1,12:00,UTC,854.3
2021,7,1,12:01,UTC,857.7
2021,7,1,12:02,UTC,858
2021,7,1,12:03,UTC,855.1
2021,7,1,12:04,UTC,857.2
2021,7,1,12:05,UTC,860.5
2021,7,1,12:06,UTC,858.6
2021,7,1,12:07,UTC,851.9
2021,7,1,12:08,UTC,847.7
2021,7,1,12:09,UTC,847.6
2021,7,1,12:10,UTC,847.6
2021,7,1,12:11,UTC,845.4
2021,7,1,12:12,UTC,847.9
2021,7,1,12:13,UTC,849
2021,7,1,12:14,UTC,795.3
2021,7,1,12:15,UTC,835.6
2021,7,1,12:16,UTC,734.9
2021,7,1,12:17,UTC,664
2021,7,1,12:18,UTC,99
2021,7,1,12:19,UTC,376.3
2021,7,1,12:20,UTC,722.9
2021,7,1,12:21,UTC,865.5
2021,7,1,12:22,UTC,869.2
2021,7,1,12:23,UTC,858.8
2021,7,1,12:24,UTC,721.1
2021,7,1,12:25,UTC,606.9
2021,7,1,12:26,UTC,652.7
2021,7,1,12:27,UTC,174.3
2021,7,1,12:28,UTC,563.1
2021,7,1,12:29,UTC,847.9
2021,7,1,12:30,UTC,844.3
2021,7,1,12:31,UTC,839.4
2021,7,1,12:32,UTC,829.4
2021,7,1,12:33,UTC,832.9
2021,7,1,12:34,UTC,826.4
2021,7,1,12:35,UTC,830.2
2021,7,1,12:36,UTC,830.5
2021,7,1,12:37,UTC,831.3
2021,7,1,12:38,UTC,834.9
2021,7,1,12:39,UTC,838.7
2021,7,1,12:40,UTC,840.6
2021,7,1,12:41,UTC,847.7
2021,7,1,12:42,UTC,838.3
2021,7,1,12:43,UTC,604.2
2021,7,1,12:44,UTC,357.6
2021,7,1,12:45,UTC,30.2
2021,7,1,12:46,UTC,15.1
2021,7,1,12:47,UTC,9.3
2021,7,1,12:48,UTC,6.2
2021,7,1,12:49,UTC,4.9
2021,7,1,12:50,UTC,17.7
2021,7,1,12:51,UTC,321.2
2021,7,1,12:52,UTC,830.6
2021,7,1,12:53,UTC,833.5
2021,7,1,12:54,UTC,836.8
2021,7,1,12:55,UTC,840.1
2021,7,1,12:56,UTC,840.8
2021,7,1,12:57,UTC,838.6
2021,7,1,12:58,UTC,836.6
2021,7,1,12:59,UTC,834.3
2021,7,1,13:00,UTC,831.8
2021,7,1,13:01,UTC,830.3
2021,7,1,13:02,UTC,831.6
2021,7,1,13:03,UTC,674.5
2021,7,1,13:04,UTC,600.2
2021,7,1,13:05,UTC,828.1
2021,7,1,13:06,UTC,834
2021,7,1,13:07,UTC,833.5
2021,7,1,13:08,UTC,833.4
2021,7,1,13:09,UTC,832.4
2021,7,1,13:10,UTC,831.3
2021,7,1,13:11,UTC,834.4
2021,7,1,13:12,UTC,836.8
2021,7,1,13:13,UTC,837.8
2021,7,1,13:14,UTC,837.4
2021,7,1,13:15,UTC,835.9
2021,7,1,13:16,UTC,833.8
2021,7,1,13:17,UTC,833.2
2021,7,1,13:18,UTC,832.7
2021,7,1,13:19,UTC,831.2
2021,7,1,13:20,UTC,830.2
2021,7,1,13:21,UTC,834
2021,7,1,13:22,UTC,834.9
2021,7,1,13:23,UTC,832.6
2021,7,1,13:24,UTC,829.6
2021,7,1,13:25,UTC,828.2
2021,7,1,13:26,UTC,827.4
2021,7,1,13:27,UTC,827.5
2021,7,1,13:28,UTC,827.8
2021,7,1,13:29,UTC,827.6
2021,7,1,13:30,UTC,825.2
2021,7,1,13:31,UTC,821.1
2021,7,1,13:32,UTC,390.4
2021,7,1,13:33,UTC,67.9
2021,7,1,13:34,UTC,5.6
2021,7,1,13:35,UTC,4.7
2021,7,1,13:36,UTC,5
2021,7,1,13:37,UTC,5.3
2021,7,1,13:38,UTC,3.9
2021,7,1,13:39,UTC,8.6
2021,7,1,13:40,UTC,14.9
2021,7,1,13:41,UTC,36.2
2021,7,1,13:42,UTC,276.4
2021,7,1,13:43,UTC,642.6
2021,7,1,13:44,UTC,266.9
2021,7,1,13:45,UTC,21
2021,7,1,13:46,UTC,5.4
2021,7,1,13:47,UTC,291.8
2021,7,1,13:48,UTC,417.6
2021,7,1,13:49,UTC,615.4
2021,7,1,13:50,UTC,810.1
2021,7,1,13:51,UTC,811.5
2021,7,1,13:52,UTC,810.8
2021,7,1,13:53,UTC,808.6
2021,7,1,13:54,UTC,809.2
2021,7,1,13:55,UTC,811.6
2021,7,1,13:56,UTC,818
2021,7,1,13:57,UTC,740.2
2021,7,1,13:58,UTC,560.1
2021,7,1,13:59,UTC,420.2
2021,7,1,14:00,UTC,600.4
2021,7,1,14:01,UTC,824.9
2021,7,1,14:02,UTC,828.5
2021,7,1,14:03,UTC,826.4
2021,7,1,14:04,UTC,821.1
2021,7,1,14:05,UTC,820.1
2021,7,1,14:06,UTC,815.3
2021,7,1,14:07,UTC,814.3
2021,7,1,14:08,UTC,818.8
2021,7,1,14:09,UTC,821.5
2021,7,1,14:10,UTC,823.4
2021,7,1,14:11,UTC,823.2
2021,7,1,14:12,UTC,821
2021,7,1,14:13,UTC,818.9
2021,7,1,14:14,UTC,817
2021,7,1,14:15,UTC,813.8
2021,7,1,14:16,UTC,813
2021,7,1,14:17,UTC,814.1
2021,7,1,14:18,UTC,809.5
2021,7,1,14:19,UTC,803.9
2021,7,1,14:20,UTC,652.8
2021,7,1,14:21,UTC,128.6
2021,7,1,14:22,UTC,294.2
2021,7,1,14:23,UTC,790.7
2021,7,1,14:24,UTC,46.3
2021,7,1,14:25,UTC,18.3
2021,7,1,14:26,UTC,20.6
2021,7,1,14:27,UTC,51.8
2021,7,1,14:28,UTC,14.8
2021,7,1,14:29,UTC,4.6
2021,7,1,14:30,UTC,8
2021,7,1,14:31,UTC,159.6
2021,7,1,14:32,UTC,744.5
2021,7,1,14:33,UTC,412.4
2021,7,1,14:34,UTC,350.8
2021,7,1,14:35,UTC,458.8
2021,7,1,14:36,UTC,667.3
2021,7,1,14:37,UTC,790.6
2021,7,1,14:38,UTC,791.1
2021,7,1,14:39,UTC,793.4
2021,7,1,14:40,UTC,794.9
2021,7,1,14:41,UTC,798.6
2021,7,1,14:42,UTC,785.2
2021,7,1,14:43,UTC,733.7
2021,7,1,14:44,UTC,657.9
2021,7,1,14:45,UTC,753
2021,7,1,14:46,UTC,754.6
2021,7,1,14:47,UTC,279.8
2021,7,1,14:48,UTC,722.5
2021,7,1,14:49,UTC,795.7
2021,7,1,14:50,UTC,804.6
2021,7,1,14:51,UTC,798.3
2021,7,1,14:52,UTC,788.2
2021,7,1,14:53,UTC,792.6
2021,7,1,14:54,UTC,786.8
2021,7,1,14:55,UTC,781.7
2021,7,1,14:56,UTC,780.5
2021,7,1,14:57,UTC,781.8
2021,7,1,14:58,UTC,780
2021,7,1,14:59,UTC,776.7
2021,7,1,15:00,UTC,756.2
2021,7,1,15:01,UTC,445.8
2021,7,1,15:02,UTC,567.9
2021,7,1,15:03,UTC,254.8
2021,7,1,15:04,UTC,12.7
2021,7,1,15:05,UTC,9
2021,7,1,15:06,UTC,6.9
2021,7,1,15:07,UTC,7.6
2021,7,1,15:08,UTC,22.6
2021,7,1,15:09,UTC,316.4
2021,7,1,15:10,UTC,752
2021,7,1,15:11,UTC,609
2021,7,1,15:12,UTC,705.3
2021,7,1,15:13,UTC,755.8
2021,7,1,15:14,UTC,754.7
2021,7,1,15:15,UTC,753
2021,7,1,15:16,UTC,753.2
2021,7,1,15:17,UTC,750.4
2021,7,1,15:18,UTC,750.9
2021,7,1,15:19,UTC,750.5
2021,7,1,15:20,UTC,749.6
2021,7,1,15:21,UTC,752
2021,7,1,15:22,UTC,753.9
2021,7,1,15:23,UTC,753.8
2021,7,1,15:24,UTC,750.1
2021,7,1,15:25,UTC,744.9
2021,7,1,15:26,UTC,743.8
2021,7,1,15:27,UTC,744.6
2021,7,1,15:28,UTC,742.9
2021,7,1,15:29,UTC,738.3
2021,7,1,15:30,UTC,737.2
2021,7,1,15:31,UTC,737.6
2021,7,1,15:32,UTC,738
2021,7,1,15:33,UTC,681.1
2021,7,1,15:34,UTC,401.8
2021,7,1,15:35,UTC,537.7
2021,7,1,15:36,UTC,305.4
2021,7,1,15:37,UTC,147.8
2021,7,1,15:38,UTC,13
2021,7,1,15:39,UTC,9.7
2021,7,1,15:40,UTC,9
2021,7,1,15:41,UTC,20
2021,7,1,15:42,UTC,488.1
2021,7,1,15:43,UTC,723.7
2021,7,1,15:44,UTC,720.5
2021,7,1,15:45,UTC,723
2021,7,1,15:46,UTC,725.1
2021,7,1,15:47,UTC,722.9
2021,7,1,15:48,UTC,720.6
2021,7,1,15:49,UTC,724.2
2021,7,1,15:50,UTC,727.5
2021,7,1,15:51,UTC,729.9
2021,7,1,15:52,UTC,731.2
2021,7,1,15:53,UTC,690.1
2021,7,1,15:54,UTC,727.7
2021,7,1,15:55,UTC,727.5
2021,7,1,15:56,UTC,727.9
2021,7,1,15:57,UTC,728
2021,7,1,15:58,UTC,726.2
2021,7,1,15:59,UTC,723.6
2021,7,1,16:00,UTC,722.3
2021,7,1,16:01,UTC,721.8
2021,7,1,16:02,UTC,720.6
2021,7,1,16:03,UTC,719
2021,7,1,16:04,UTC,719.8
2021,7,1,16:05,UTC,719.8
2021,7,1,16:06,UTC,710
2021,7,1,16:07,UTC,700.1
2021,7,1,16:08,UTC,637.5
2021,7,1,16:09,UTC,248
2021,7,1,16:10,UTC,356.7
2021,7,1,16:11,UTC,698.5
2021,7,1,16:12,UTC,699.6
2021,7,1,16:13,UTC,696.7
2021,7,1,16:14,UTC,696.2
2021,7,1,16:15,UTC,696.9
2021,7,1,16:16,UTC,694.8
2021,7,1,16:17,UTC,686.6
2021,7,1,16:18,UTC,681.4
2021,7,1,16:19,UTC,457.2
2021,7,1,16:20,UTC,476.7
2021,7,1,16:21,UTC,677.1
2021,7,1,16:22,UTC,673
2021,7,1,16:23,UTC,671.9
2021,7,1,16:24,UTC,672
2021,7,1,16:25,UTC,673.4
2021,7,1,16:26,UTC,673.3
2021,7,1,16:27,UTC,670.9
2021,7,1,16:28,UTC,669.9
2021,7,1,16:29,UTC,671
2021,7,1,16:30,UTC,671.1
2021,7,1,16:31,UTC,670.2
2021,7,1,16:32,UTC,667.4
2021,7,1,16:33,UTC,628.9
2021,7,1,16:34,UTC,617.1
2021,7,1,16:35,UTC,249.8
2021,7,1,16:36,UTC,659.3
2021,7,1,16:37,UTC,660.4
2021,7,1,16:38,UTC,660.3
2021,7,1,16:39,UTC,659.2
2021,7,1,16:40,UTC,657.7
2021,7,1,16:41,UTC,654.7
2021,7,1,16:42,UTC,650.9
2021,7,1,16:43,UTC,650.9
2021,7,1,16:44,UTC,648.6
2021,7,1,16:45,UTC,646.7
2021,7,1,16:46,UTC,644.5
2021,7,1,16:47,UTC,643.9
2021,7,1,16:48,UTC,641.9
2021,7,1,16:49,UTC,642.3
2021,7,1,16:50,UTC,640.4
2021,7,1,16:51,UTC,639.4
2021,7,1,16:52,UTC,635.2
2021,7,1,16:53,UTC,630.1
2021,7,1,16:54,UTC,629.8
2021,7,1,16:55,UTC,633
2021,7,1,16:56,UTC,636.7
2021,7,1,16:57,UTC,634.5
2021,7,1,16:58,UTC,631.7
2021,7,1,16:59,UTC,629.7
2021,7,1,17:00,UTC,628.1
2021,7,1,17:01,UTC,630
2021,7,1,17:02,UTC,630.8
2021,7,1,17:03,UTC,628.6
2021,7,1,17:04,UTC,626.9
2021,7,1,17:05,UTC,625.3
2021,7,1,17:06,UTC,624.1
2021,7,1,17:07,UTC,621.3
2021,7,1,17:08,UTC,619.7
2021,7,1,17:09,UTC,616.5
2021,7,1,17:10,UTC,611.9
2021,7,1,17:11,UTC,607.6
2021,7,1,17:12,UTC,601.1
2021,7,1,17:13,UTC,600.8
2021,7,1,17:14,UTC,600.3
2021,7,1,17:15,UTC,598.8
2021,7,1,17:16,UTC,595.6
2021,7,1,17:17,UTC,594.2
2021,7,1,17:18,UTC,591.4
2021,7,1,17:19,UTC,588.7
2021,7,1,17:20,UTC,588.2
2021,7,1,17:21,UTC,585.5
2021,7,1,17:22,UTC,582.9
2021,7,1,17:23,UTC,578.7
2021,7,1,17:24,UTC,576.7
2021,7,1,17:25,UTC,574.6
2021,7,1,17:26,UTC,572.6
2021,7,1,17:27,UTC,570.5
2021,7,1,17:28,UTC,570.4
2021,7,1,17:29,UTC,569.4
2021,7,1,17:30,UTC,566.1
2021,7,1,17:31,UTC,562
2021,7,1,17:32,UTC,557.4
2021,7,1,17:33,UTC,554.2
2021,7,1,17:34,UTC,553
2021,7,1,17:35,UTC,551.6
2021,7,1,17:36,UTC,548.9
2021,7,1,17:37,UTC,548.2
2021,7,1,17:38,UTC,546
2021,7,1,17:39,UTC,543.5
2021,7,1,17:40,UTC,541
2021,7,1,17:41,UTC,538.4
2021,7,1,17:42,UTC,534.6
2021,7,1,17:43,UTC,531.6
2021,7,1,17:44,UTC,529.5
2021,7,1,17:45,UTC,525
2021,7,1,17:46,UTC,521.5
2021,7,1,17:47,UTC,519
2021,7,1,17:48,UTC,516.8
2021,7,1,17:49,UTC,515.4
2021,7,1,17:50,UTC,511.8
2021,7,1,17:51,UTC,508
2021,7,1,17:52,UTC,504.2
2021,7,1,17:53,UTC,501.5
2021,7,1,17:54,UTC,497.3
2021,7,1,17:55,UTC,493.1
2021,7,1,17:56,UTC,489.2
2021,7,1,17:57,UTC,484.5
2021,7,1,17:58,UTC,476.9
2021,7,1,17:59,UTC,480.1
2021,7,1,18:00,UTC,480.4
2021,7,1,18:01,UTC,478
2021,7,1,18:02,UTC,476.4
2021,7,1,18:03,UTC,474.8
2021,7,1,18:04,UTC,471.6
2021,7,1,18:05,UTC,467
2021,7,1,18:06,UTC,463.1
2021,7,1,18:07,UTC,459.4
2021,7,1,18:08,UTC,454.9
2021,7,1,18:09,UTC,450.5
2021,7,1,18:10,UTC,449.3
2021,7,1,18:11,UTC,448.7
2021,7,1,18:12,UTC,446.8
2021,7,1,18:13,UTC,444.2
2021,7,1,18:14,UTC,440.7
2021,7,1,18:15,UTC,438
2021,7,1,18:16,UTC,434.2
2021,7,1,18:17,UTC,430.4
2021,7,1,18:18,UTC,426.8
2021,7,1,18:19,UTC,421.9
2021,7,1,18:20,UTC,416.7
2021,7,1,18:21,UTC,412.4
2021,7,1,18:22,UTC,408.7
2021,7,1,18:23,UTC,405.4
2021,7,1,18:24,UTC,400.3
2021,7,1,18:25,UTC,396.5
2021,7,1,18:26,UTC,393.3
2021,7,1,18:27,UTC,389.5
2021,7,1,18:28,UTC,387.3
2021,7,1,18:29,UTC,385.2
2021,7,1,18:30,UTC,383.3
2021,7,1,18:31,UTC,381.4
2021,7,1,18:32,UTC,379.4
2021,7,1,18:33,UTC,375.9
2021,7,1,18:34,UTC,371.4
2021,7,1,18:35,UTC,367.5
2021,7,1,18:36,UTC,364.7
2021,7,1,18:37,UTC,361.4
2021,7,1,18:38,UTC,358.1
2021,7,1,18:39,UTC,354
2021,7,1,18:40,UTC,347.8
2021,7,1,18:41,UTC,342.4
2021,7,1,18:42,UTC,338.9
2021,7,1,18:43,UTC,336.1
2021,7,1,18:44,UTC,331.8
2021,7,1,18:45,UTC,325.4
2021,7,1,18:46,UTC,320.3
2021,7,1,18:47,UTC,315.6
2021,7,1,18:48,UTC,311.5
2021,7,1,18:49,UTC,306
2021,7,1,18:50,UTC,301.5
2021,7,1,18:51,UTC,297.3
2021,7,1,18:52,UTC,294.2
2021,7,1,18:53,UTC,292.3
2021,7,1,18:54,UTC,289
2021,7,1,18:55,UTC,284.2
2021,7,1,18:56,UTC,278.2
2021,7,1,18:57,UTC,271.7
2021,7,1,18:58,UTC,264.7
2021,7,1,18:59,UTC,260.8
2021,7,1,19:00,UTC,256.8
2021,7,1,19:01,UTC,252
2021,7,1,19:02,UTC,247.3
2021,7,1,19:03,UTC,242.4
2021,7,1,19:04,UTC,237.5
2021,7,1,19:05,UTC,232.3
2021,7,1,19:06,UTC,227.7
2021,7,1,19:07,UTC,224
2021,7,1,19:08,UTC,219.9
2021,7,1,19:09,UTC,215.7
2021,7,1,19:10,UTC,210.7
2021,7,1,19:11,UTC,204
2021,7,1,19:12,UTC,197.6
2021,7,1,19:13,UTC,192.7
2021,7,1,19:14,UTC,189.4
2021,7,1,19:15,UTC,186.2
2021,7,1,19:16,UTC,182.3
2021,7,1,19:17,UTC,178.1
2021,7,1,19:18,UTC,173.8
2021,7,1,19:19,UTC,170
2021,7,1,19:20,UTC,165.2
2021,7,1,19:21,UTC,160.1
2021,7,1,19:22,UTC,155.1
2021,7,1,19:23,UTC,150.4
2021,7,1,19:24,UTC,146.4
2021,7,1,19:25,UTC,141.3
2021,7,1,19:26,UTC,136.7
2021,7,1,19:27,UTC,131.8
2021,7,1,19:28,UTC,126.1
2021,7,1,19:29,UTC,120.8
2021,7,1,19:30,UTC,115.6
2021,7,1,19:31,UTC,111
2021,7,1,19:32,UTC,105.8
2021,7,1,19:33,UTC,100.7
2021,7,1,19:34,UTC,95.6
2021,7,1,19:35,UTC,90.2
2021,7,1,19:36,UTC,85.3
2021,7,1,19:37,UTC,80.3
2021,7,1,19:38,UTC,75.6
2021,7,1,19:39,UTC,64.8
2021,7,1,19:40,UTC,48.6
2021,7,1,19:41,UTC,34.7
2021,7,1,19:42,UTC,20.7
2021,7,1,19:43,UTC,8
2021,7,1,19:44,UTC,1.1
2021,7,1,19:45,UTC,-0.7
2021,7,1,19:46,UTC,-1.4
2021,7,1,19:47,UTC,-1.7
2021,7,1,19:48,UTC,-1.8
2021,7,1,19:49,UTC,-2.1
2021,7,1,19:50,UTC,-2.2
2021,7,1,19:51,UTC,-2.2
2021,7,1,19:52,UTC,-2.4
2021,7,1,19:53,UTC,-2.5
2021,7,1,19:54,UTC,-2.9
2021,7,1,19:55,UTC,-2.9
2021,7,1,19:56,UTC,-3
2021,7,1,19:57,UTC,-2.9
2021,7,1,19:58,UTC,-2.9
2021,7,1,19:59,UTC,-2.9
2021,7,1,20:00,UTC,-3
2021,7,1,20:01,UTC,-2.9
2021,7,1,20:02,UTC,-3.2
2021,7,1,20:03,UTC,-3.2
2021,7,1,20:04,UTC,-3.1
2021,7,1,20:05,UTC,-3
2021,7,1,20:06,UTC,-3.2
2021,7,1,20:07,UTC,-3.1
2021,7,1,20:08,UTC,-2.9
2021,7,1,20:09,UTC,-3.1
2021,7,1,20:10,UTC,-3.2
2021,7,1,20:11,UTC,-3.2
2021,7,1,20:12,UTC,-3.3
2021,7,1,20:13,UTC,-3.3
2021,7,1,20:14,UTC,-3.7
2021,7,1,20:15,UTC,-3.5
2021,7,1,20:16,UTC,-3.5
2021,7,1,20:17,UTC,-3.5
2021,7,1,20:18,UTC,-3.5
2021,7,1,20:19,UTC,-3.8
2021,7,1,20:20,UTC,-3.7
2021,7,1,20:21,UTC,-3.4
2021,7,1,20:22,UTC,-3.2
2021,7,1,20:23,UTC,-3.1
2021,7,1,20:24,UTC,-3.1
2021,7,1,20:25,UTC,-3.1
2021,7,1,20:26,UTC,-3.3
2021,7,1,20:27,UTC,-3
2021,7,1,20:28,UTC,-2.9
2021,7,1,20:29,UTC,-3.1
2021,7,1,20:30,UTC,-3.2
2021,7,1,20:31,UTC,-3.1
2021,7,1,20:32,UTC,-3.1
2021,7,1,20:33,UTC,-2.9
2021,7,1,20:34,UTC,-3
2021,7,1,20:35,UTC,-3.4
2021,7,1,20:36,UTC,-3.4
2021,7,1,20:37,UTC,-3.4
2021,7,1,20:38,UTC,-3.3
2021,7,1,20:39,UTC,-3.6
2021,7,1,20:40,UTC,-3.5
2021,7,1,20:41,UTC,-3.4
2021,7,1,20:42,UTC,-3.6
2021,7,1,20:43,UTC,-3.5
2021,7,1,20:44,UTC,-3.3
2021,7,1,20:45,UTC,-3.1
2021,7,1,20:46,UTC,-3.3
2021,7,1,20:47,UTC,-3.3
2021,7,1,20:48,UTC,-3.5
2021,7,1,20:49,UTC,-3.5
2021,7,1,20:50,UTC,-3.6
2021,7,1,20:51,UTC,-3.5
2021,7,1,20:52,UTC,-3.3
2021,7,1,20:53,UTC,-3.4
2021,7,1,20:54,UTC,-3.4
2021,7,1,20:55,UTC,-3.3
2021,7,1,20:56,UTC,-3
2021,7,1,20:57,UTC,-2.8
2021,7,1,20:58,UTC,-2.6
2021,7,1,20:59,UTC,-2.7
2021,7,1,21:00,UTC,-2.9
2021,7,1,21:01,UTC,-3
2021,7,1,21:02,UTC,-3
2021,7,1,21:03,UTC,-3
2021,7,1,21:04,UTC,-3.2
2021,7,1,21:05,UTC,-3.3
2021,7,1,21:06,UTC,-3
2021,7,1,21:07,UTC,-3
2021,7,1,21:08,UTC,-3.1
2021,7,1,21:09,UTC,-3.1
2021,7,1,21:10,UTC,-2.9
2021,7,1,21:11,UTC,-3.1
2021,7,1,21:12,UTC,-3
2021,7,1,21:13,UTC,-3.4
2021,7,1,21:14,UTC,-2.9
2021,7,1,21:15,UTC,-2.7
2021,7,1,21:16,UTC,-2.7
2021,7,1,21:17,UTC,-2.9
2021,7,1,21:18,UTC,-3
2021,7,1,21:19,UTC,-3.2
2021,7,1,21:20,UTC,-3
2021,7,1,21:21,UTC,-2.6
2021,7,1,21:22,UTC,-2.2
2021,7,1,21:23,UTC,-2
2021,7,1,21:24,UTC,-2.1
2021,7,1,21:25,UTC,-2.2
2021,7,1,21:26,UTC,-1.9
2021,7,1,21:27,UTC,-2
2021,7,1,21:28,UTC,-1.8
2021,7,1,21:29,UTC,-2
2021,7,1,21:30,UTC,-1.9
2021,7,1,21:31,UTC,-1.4
2021,7,1,21:32,UTC,-1.4
2021,7,1,21:33,UTC,-1.1
2021,7,1,21:34,UTC,-1
2021,7,1,21:35,UTC,-1
2021,7,1,21:36,UTC,-0.9
2021,7,1,21:37,UTC,-1.2
2021,7,1,21:38,UTC,-1.3
2021,7,1,21:39,UTC,-1.2
2021,7,1,21:40,UTC,-1.2
2021,7,1,21:41,UTC,-0.9
2021,7,1,21:42,UTC,-1
2021,7,1,21:43,UTC,-1.1
2021,7,1,21:44,UTC,-1.2
2021,7,1,21:45,UTC,-1.4
2021,7,1,21:46,UTC,-1.5
2021,7,1,21:47,UTC,-1.7
2021,7,1,21:48,UTC,-1.6
2021,7,1,21:49,UTC,-1.5
2021,7,1,21:50,UTC,-1.5
2021,7,1,21:51,UTC,-1.8
2021,7,1,21:52,UTC,-1.8
2021,7,1,21:53,UTC,-1.8
2021,7,1,21:54,UTC,-1.5
2021,7,1,21:55,UTC,-1.8
2021,7,1,21:56,UTC,-1.9
2021,7,1,21:57,UTC,-2
2021,7,1,21:58,UTC,-2.1
2021,7,1,21:59,UTC,-2.2
2021,7,1,22:00,UTC,-2
2021,7,1,22:01,UTC,-1.7
2021,7,1,22:02,UTC,-1.7
2021,7,1,22:03,UTC,-1.7
2021,7,1,22:04,UTC,-1.6
2021,7,1,22:05,UTC,-1.8
2021,7,1,22:06,UTC,-1.8
2021,7,1,22:07,UTC,-1.8
2021,7,1,22:08,UTC,-1.7
2021,7,1,22:09,UTC,-1.6
2021,7,1,22:10,UTC,-1.6
2021,7,1,22:11,UTC,-1.7
2021,7,1,22:12,UTC,-1.8
2021,7,1,22:13,UTC,-1.9
2021,7,1,22:14,UTC,-2
2021,7,1,22:15,UTC,-2.2
2021,7,1,22:16,UTC,-2.3
2021,7,1,22:17,UTC,-2.5
2021,7,1,22:18,UTC,-2
2021,7,1,22:19,UTC,-2.4
2021,7,1,22:20,UTC,-2.4
2021,7,1,22:21,UTC,-2.4
2021,7,1,22:22,UTC,-2.5
2021,7,1,22:23,UTC,-2.5
2021,7,1,22:24,UTC,-2.3
2021,7,1,22:25,UTC,-2.4
2021,7,1,22:26,UTC,-2.5
2021,7,1,22:27,UTC,-2.6
2021,7,1,22:28,UTC,-2.6
2021,7,1,22:29,UTC,-2.3
2021,7,1,22:30,UTC,-2.3
2021,7,1,22:31,UTC,-2.6
2021,7,1,22:32,UTC,-2.5
2021,7,1,22:33,UTC,-2.5
2021,7,1,22:34,UTC,-2.4
2021,7,1,22:35,UTC,-2.4
2021,7,1,22:36,UTC,-2.4
2021,7,1,22:37,UTC,-2.1
2021,7,1,22:38,UTC,-2.3
2021,7,1,22:39,UTC,-2.2
2021,7,1,22:40,UTC,-2.3
2021,7,1,22:41,UTC,-2.8
2021,7,1,22:42,UTC,-2.8
2021,7,1,22:43,UTC,-2.9
2021,7,1,22:44,UTC,-2.6
2021,7,1,22:45,UTC,-2.8
2021,7,1,22:46,UTC,-2.6
2021,7,1,22:47,UTC,-2.6
2021,7,1,22:48,UTC,-2.5
2021,7,1,22:49,UTC,-2.3
2021,7,1,22:50,UTC,-2.3
2021,7,1,22:51,UTC,-2.2
2021,7,1,22:52,UTC,-2.1
2021,7,1,22:53,UTC,-2.2
2021,7,1,22:54,UTC,-2.2
2021,7,1,22:55,UTC,-2.2
2021,7,1,22:56,UTC,-2.2
2021,7,1,22:57,UTC,-2.2
2021,7,1,22:58,UTC,-2.3
2021,7,1,22:59,UTC,-2.4
2021,7,1,23:00,UTC,-2.6
2021,7,1,23:01,UTC,-3
2021,7,1,23:02,UTC,-2.9
2021,7,1,23:03,UTC,-2.8
2021,7,1,23:04,UTC,-2.5
2021,7,1,23:05,UTC,-2.5
2021,7,1,23:06,UTC,-2.4
2021,7,1,23:07,UTC,-2.2
2021,7,1,23:08,UTC,-2.1
2021,7,1,23:09,UTC,-2.1
2021,7,1,23:10,UTC,-1.9
2021,7,1,23:11,UTC,-2
2021,7,1,23:12,UTC,-2.1
2021,7,1,23:13,UTC,-1.9
2021,7,1,23:14,UTC,-1.8
2021,7,1,23:15,UTC,-1.9
2021,7,1,23:16,UTC,-2
2021,7,1,23:17,UTC,-1.7
2021,7,1,23:18,UTC,-1.8
2021,7,1,23:19,UTC,-2.1
2021,7,1,23:20,UTC,-2.8
2021,7,1,23:21,UTC,-3
2021,7,1,23:22,UTC,-3.3
2021,7,1,23:23,UTC,-2.9
2021,7,1,23:24,UTC,-3.1
2021,7,1,23:25,UTC,-3.3
2021,7,1,23:26,UTC,-3.8
2021,7,1,23:27,UTC,-3.8
2021,7,1,23:28,UTC,-3.5
2021,7,1,23:29,UTC,-3.5
2021,7,1,23:30,UTC,-3.2
2021,7,1,23:31,UTC,-2.3
2021,7,1,23:32,UTC,-2.2
2021,7,1,23:33,UTC,-2.1
2021,7,1,23:34,UTC,-2.1
2021,7,1,23:35,UTC,-2.1
2021,7,1,23:36,UTC,-2.4
2021,7,1,23:37,UTC,-2.1
2021,7,1,23:38,UTC,-1.9
2021,7,1,23:39,UTC,-1.9
2021,7,1,23:40,UTC,-1.9
2021,7,1,23:41,UTC,-1.9
2021,7,1,23:42,UTC,-1.8
2021,7,1,23:43,UTC,-1.7
2021,7,1,23:44,UTC,-1.6
2021,7,1,23:45,UTC,-1.4
2021,7,1,23:46,UTC,-1.4
2021,7,1,23:47,UTC,-1.3
2021,7,1,23:48,UTC,-1.4
2021,7,1,23:49,UTC,-1.2
2021,7,1,23:50,UTC,-1.1
2021,7,1,23:51,UTC,-1.3
2021,7,1,23:52,UTC,-1.4
2021,7,1,23:53,UTC,-1.4
2021,7,1,23:54,UTC,-1.2
2021,7,1,23:55,UTC,-1.4
2021,7,1,23:56,UTC,-1.3
2021,7,1,23:57,UTC,-1.3
2021,7,1,23:58,UTC,-1.1
2021,7,1,23:59,UTC,-1.2
2021,7,2,00:00,UTC,-1.2